公司名稱,股票代號,非主管年薪中位數(萬)
信驊,5274,400.4
聯發科,2454,343.8
瑞昱,2379,324.6
達發,6526,304.9
聯詠,3034,286.5
原相,3227,286.4
力旺,3529,271.8
台積電,2330,264.5
瑞鼎,3592,261.2
鈊象,3293,258.5
力領科技,6996,257
創意,3443,255.9
祥碩,5269,248.6
聯陽,3014,243.5
長榮,2603,241.5
矽創,8016,224.1
天鈺,4961,217.6
致新,8081,217.6
群聯,8299,213.7
和泰車,2207,210.3
陽明,2609,204.8
是方,6561,204.7
凌陽創新,5236,199.1
群光,2385,199
晶豪科,3006,196.9
新潤,6186,196.7
昇佳電子,6732,196
敦泰,3545,195.4
愛山林,2540,194.2
鴻海,2317,193.7
晶心科,6533,191.7
智擎,4162,184.8
義隆,2458,183.5
創惟,6104,182.9
智原,3035,180.2
昇陽,3266,177.7
M31,6643,175.8
威鋒電子,6756,174.3
華航,2610,172.2
凌通,4952,170.9
群電,6412,169.1
晶焱,6411,168.7
精成科,6191,168.6
亞泰,4974,168.4
漢唐,2404,167.4
揚智,3041,166.2
致伸,4915,166
威盛,2388,165.2
萬海,2615,164.5
凡甲,3526,163.8
新興,2605,163.4
大中,6435,162.3
長榮航,2618,161.7
聯電,2303,161.1
智易,3596,160.3
九暘,8040,159.2
鴻準,2354,158.8
中鋼構,2013,157.8
矽統,2363,157.4
中華電,2412,157.3
神基,3005,156.5
芯鼎,6695,156.1
弘塑,3131,155.9
和益,1709,155.6
類比科,3438,154.7
台達電,2308,154.3
力泰,5520,153.6
精拓科,4951,153.5
崇越,5434,152.8
華擎,3515,152.7
愛普*,6531,152.3
九齊,6494,152
華邦電,2344,151.3
宏觀,6568,151.2
華固,2548,150.3
通嘉,3588,150.3
中再保,2851,149.7
建碁,3046,149.7
廣達,2382,149
台灣虎航,6757,147.5
華碩,2357,147.3
菱光,8249,147
松翰,5471,146.9
華票,2820,146.3
裕民,2606,146.2
合庫金,5880,145.2
兆豐金,2886,144.6
中聯資源,9930,144.6
聚陽,1477,144.3
茂達,6138,144.3
長華*,8070,144.3
宏碁,2353,143.9
中碳,1723,143.2
宏普,2536,142.7
大統益,1232,142.2
冠德,2520,141.6
家碩,6953,140.5
第一金,2892,140.2
應廣,6716,140
亞信,3169,139.9
元大金,2885,139.7
金寶,2312,139.6
彰銀,2801,139.1
圓剛,2417,138
元大期貨,6023,137.9
宏碁資訊,6811,137.9
立隆電,2472,137.6
杰力,5299,136.8
博盛半導體,7712,136.4
迅杰,6243,135.5
京鼎,3413,135.1
中信金,2891,134.9
仁寶,2324,134.8
台塑化,6505,134.8
億豐,8464,134.5
遠雄,5522,134.1
旺矽,6223,133.2
崇越電,3388,132.6
上海商銀,5876,132.1
神盾,6462,131.9
達欣工,2535,131.3
廣明,6188,131.2
永信建,5508,130.8
光菱,8032,130.7
國泰金,2882,129.8
富邦金,2881,129.3
凱基金,2883,129.3
承啟,2425,129.2
長榮航太,2645,129.2
逸達,6576,129.2
微星,2377,128.6
士開,5324,128.2
力智,6719,128.2
台化,1326,127.9
新海,9926,127.9
海悅,2348,127.1
元太,8069,127
帆宣,6196,126.9
立積,4968,126.6
嘉澤,3533,126.5
訊連,5203,126.4
台塑,1301,126.2
永豐金,2890,126.1
聚積,3527,125.9
華晶科,3059,125.8
樺漢,6414,125.6
康全電訊,8089,125.5
緯創,3231,125.3
亞電,4939,124.9
新唐,4919,124.8
光寶科,2301,124.6
華南金,2880,124.6
廣宇,2328,124.4
凌陽,2401,124.3
臺企銀,2834,123.8
茂綸,6227,123.8
金麗科,3228,123.6
和碩,4938,123.5
玉山金,2884,122.9
朋億*,6613,122.7
長虹,5534,122.1
中鋼,2002,121.5
順天,5525,121.4
全福生技,6885,121.4
GOGOLOOK,6902,121.1
一零四,3130,121
統一證,2855,120.9
台新金,2887,120.9
遠東銀,2845,120.8
倚天酷碁-創,2432,120.7
群益期,6024,120.7
偉詮電,2436,120.6
晶宏,3141,120.4
志豐,3206,120.4
安格,6684,120.4
順達,3211,120.2
鈺太,6679,120.2
瑞軒,2489,120
達興材料,5234,120
旺宏,2337,119.9
皇翔,2545,119.8
威剛,3260,119.5
世界,5347,119.5
中鼎,9933,119.3
佳世達,2352,119.2
順藥,6535,119.2
關貿,6183,119.1
台汽電,8926,119
台肥,1722,118.7
中菲,5403,118.7
聰泰,5474,118.3
新普,6121,118.3
華立,3010,118.2
力積電,6770,118.1
文曄,3036,117.8
大聯大,3702,117.6
碩天,3617,117.4
中航,2612,117.3
博士旺,3555,117.3
鑽石投資,6901,117.3
營邦,3693,117.2
德律,3030,116.8
視陽,6782,116.7
裕日車,2227,116.4
印能科技,7734,116.1
億而得-創,6423,116
華城,1519,115.9
資通,2471,115.8
均華,6640,115.7
笙科,5272,115
大台北,9908,115
智邦,2345,114.9
聖暉*,5536,114.9
盛群,6202,114.9
鴻華先進-創,2258,114.8
隆大,5519,114.8
中光電,5371,114.6
聯成,1313,114.5
致茂,2360,114.4
建漢,3062,114
南亞,1303,113.9
洋基工程,6691,113.9
萬潤,6187,113.8
陞達科技,4945,113.7
華景電,6788,113.7
三聯,5493,113.6
明泰,3380,113.2
驊訊,6237,113.2
倚強科,3219,112.9
瑞儀,6176,112.9
威健,3033,112.8
雙鴻,3324,112.8
東生華,8432,112.6
理銘,6212,112.5
至上,8112,112.3
新鼎,5209,112.1
國產,2504,111.8
藍天,2362,111.6
弘凱,5244,111.4
南亞科,2408,111.1
仲琦,2419,111
來頡,6799,111
巨有科技,8227,111
王道銀行,2897,110.9
巨路,6192,110.9
信錦,1582,110.7
晶相光,3530,110.7
研華,2395,110.4
華建,2530,110.4
環球晶,6488,110.1
倍力,6874,110
名軒,1442,109.9
台灣高鐵,2633,109.9
鈺寶-創,3150,109.9
正文,4906,109.8
聯傑,3094,109.7
國建,2501,109.5
全景軟體,8272,109.4
美達科技,6735,109.3
宏達電,2498,109.2
中宇,1535,109.1
鑫創,3259,109.1
海華,3694,109.1
神達,3706,108.8
三陽工業,2206,108.5
展達,3447,108.5
台勝科,3532,108.3
愛爾達-創,8487,108.3
湧德,3689,108.1
豐藝,6189,108.1
富鼎,8261,107.4
東洋,4105,107.3
京城,2524,107.2
現觀科,6906,107
偉訓,3032,106.7
新光金,2888,106.6
奇鋐,3017,106.4
佳能,2374,106.3
瑞築,6198,106.2
台橡,2103,106.1
高雄銀,2836,106.1
旺玖,6233,106.1
友訊,2332,106
閎康,3587,105.4
醫揚,6569,105.4
華友聯,1436,105.2
偉康科技,6865,105.2
志聖,2467,105.1
台航,2617,104.8
正崴,2392,104.6
榮運,2607,104.6
浩鼎,4174,104.5
聯強,2347,104.4
統一,1216,104.1
東和鋼鐵,2006,104.1
優群,3217,104
裕融,9941,103.8
基泰,2538,103.7
國票金,2889,103.7
沛亨,6291,103.7
群益證,6005,103.6
亞聚,1308,103.5
蔚華科,3055,103.5
榮科,4989,103.5
東友,5438,103.5
友鋮,7718,103.5
盛餘,2029,103.4
晶睿,3454,103.4
鉅邁,8435,103.3
大汽電,8931,103
喬鼎,3057,102.9
虹冠電,3257,102.9
尚凡*,5278,102.8
欣泰,8917,102.8
新應材,4749,102.7
禾瑞亞,3556,102.6
嘉威,3557,102.6
艾恩特,3646,102.6
擎亞,8096,102.4
嘉泥,1103,102.3
亞昕,5213,102.3
長榮鋼,2211,102.1
技嘉,2376,102
天擎,6708,101.9
眾福科,3168,101.8
采鈺,6789,101.5
訊舟,3047,101.4
益登,3048,101.4
汎銓,6830,101.1
安國,8054,98.2
精英,2331,98.1
富華新,3056,98.1
安勤,3479,97.9
堡達,3537,97.9
和潤企業,6592,97.7
豐泰,9910,97.7
國揚,2505,97.6
由田,3455,97.6
康和證,6016,97.5
點序,6485,97.4
浩宇生醫,6872,97.4
英業達,2356,97.3
敦陽科,2480,97.3
新美齊,2442,97.2
宸曜,6922,97.2
三芳,1307,97.1
新麥,1580,97
德昌,5511,96.9
安普新,6743,96.9
中華,2204,96.7
同亨,5490,96.7
圓展,3669,96.4
潤德,6881,96.4
中菲行,5609,96.3
儒鴻,1476,96.1
宏泰,1612,96.1
艾訊,3088,96
泓德能源,6873,95.9
台聚,1304,95.8
達運,6120,95.7
達方,8163,95.6
昆盈,2365,95.5
臺鹽,1737,95.4
豐興,2015,95.4
東森,2614,95.4
凌華,6166,95.4
統振,6170,95.4
宏正,6277,95.4
第一保,2852,95.3
鼎天,3306,95.3
榮剛,5009,95.3
富驊,5465,95.3
淳安,6283,95.2
普鴻,6590,95.2
建準,2421,95.1
正基,6546,95.1
錩新,2415,94.9
崇友,4506,94.9
松上,6156,94.9
漢翔,2634,94.8
牧德,3563,94.8
迅得,6438,94.8
國邑*,6875,94.8
大亞,1609,94.7
飛宏,2457,94.7
櫻花建,2539,94.7
廣豐,1416,94.6
勝一,1773,94.6
百一,6152,94.6
亞通,6179,94.6
金益鼎,8390,94.6
必應,6625,94.5
宜特,3289,94.4
通泰,5487,94.4
凱碩,8059,94.4
南僑,1702,94.3
鈺邦,6449,94.3
和椿,6215,94
匯僑設計,6754,94
健喬,4114,93.9
佶優,5452,93.9
科懋,6496,93.8
奇偶,3356,93.6
藥華藥,6446,93.6
晉泰,6221,93.5
聯上發,2537,93.4
友華,4120,93.2
太欣,5302,93.1
睿生光電,6861,93.1
巨漢,6903,93.1
崧騰,3484,92.9
辛耘,3583,92.9
晟銘電,3013,92.8
大立光,3008,92.7
零壹,3029,92.6
嘉基,6715,92.4
展碁國際,6776,92.4
華電網,6163,92.3
盟立,2464,92.2
互動,6486,92.2
華新,1605,92.1
台耀,4746,92
東鹼,1708,91.9
系微,6231,91.9
美好證,6021,91.8
美律,2439,91.7
均豪,5443,91.7
安碁資訊,6690,91.7
杏昌,1788,91.6
汎德永業,2247,91.6
百德,4563,91.6
穎崴,6515,91.5
晉弘,6796,91.5
遠東新,1402,91.4
森寶,3489,91.3
衛司特,6894,91.3
信義,9940,91.3
僑威,3078,91.2
博晟生醫,6733,91.2
宏遠證,6015,91.1
華孚,6235,91.1
國際中橡,2104,90.9
泰碩,3338,90.9
群翊,6664,90.9
統一超,2912,90.8
大學光,3218,90.8
廣閎科,6693,90.8
華夏,1305,90.7
凌群,2453,90.7
聯昌,2431,89
普萊德,6263,89
生泰,1777,88.9
華冠,8101,88.9
台光電,2383,88.8
全心投控,2718,88.8
國喬,1312,88.7
捷流閥業,4580,88.7
昇益,5455,88.7
坤悅,5206,88.6
博弘,6997,88.6
羅昇,8374,88.6
欣高,9931,88.6
力致,3483,88.5
久元,6261,88.5
啟碁,6285,88.5
華通,2313,88.3
方方土霖,4527,88.3
盛達,3027,88.2
瑞智,4532,88.2
居易,6216,88.2
禾昌,6158,88.1
亞翔,6139,88
宏璟,2527,87.8
大塚,3570,87.8
邁達特,6112,87.8
台泥,1101,87.7
增你強,3028,87.7
柏騰,3518,87.7
家登,3680,87.7
旺旺保,2816,87.6
永昕,4726,87.6
四維航,5608,87.5
能率,5392,87.4
叡揚,6752,87.3
嘉晶,3016,87.2
明遠精密,7704,87.2
麗升能源,8087,87.2
揚博,2493,87
特力,2908,87
利機,3444,87
智冠,5478,87
頎邦,6147,87
勤誠,8210,87
固緯,2423,86.9
太設,2506,86.9
遠雄港,5607,86.8
京城銀,2809,86.7
晶彩科,3535,86.6
安克,4188,86.6
中裕,4147,86.5
志超,8213,86.5
日勝生,2547,86.4
關中,8941,86.4
三商壽,2867,86.3
三商,2905,86.3
亞光,3019,86.2
越峰,8121,86.1
實威,8416,86.1
佳必琪,6197,86
迅德,6292,86
矽瑪,3511,85.9
台燿,6274,85.8
青鋼,8930,85.8
如興,4414,85.6
國化,1713,85.5
普安,2495,85.5
台聯櫃,5601,85.4
大江,8436,85.4
裕隆,2201,85.3
華容,5328,85.3
勁豐,6577,85.3
燁輝,2023,85.2
卓越,2496,85.2
良維,6290,85
台苯,1310,84.9
寶陞,2948,84.9
晶技,3042,84.9
緯軟,4953,84.8
亞力,1514,84.6
穩懋,3105,84.5
長興,1717,84.4
安泰銀,2849,84.3
精測,6510,84.3
立萬利,3054,84
大銀微系統,4576,84
漢磊,3707,83.9
明基醫,4116,83.8
瀚荃,8103,83.8
傳奇,4994,83.7
宇瞻,8271,83.7
麗臺,2465,83.6
台產,2832,83.6
研通,6229,83.6
森崴能源,6806,83.4
歐格,3002,83.3
晟德,4123,83.3
蒙恬,5211,83.3
海韻電,6203,83.3
弘憶股,3312,83.2
三福化,4755,83.2
太極,4934,83.2
旭隼,6409,83.2
益航,2601,83.1
南茂,8150,83
神隆,1789,82.9
寶德,3349,82.9
台虹,8039,82.9
中興電,1513,82.8
所羅門,2359,82.8
隴華,2424,82.8
輔信,2405,82.7
中工,2515,82.7
鑫龍騰,3188,82.7
豪勉,6218,82.7
圓裕,6835,82.6
政伸,8481,82.6
精技,2414,82.5
東捷,8064,82.5
花仙子,1730,82.3
虎門科技,6791,82.3
智崴,5263,82.2
皇鼎,5533,82.2
晶碩,6491,82.2
訊聯基因,4160,82.1
寶隆,1906,82
安馳,3528,82
威潤,6465,82
全漢,3015,81.9
南寶,4766,81.9
建國,5515,81.9
大田,8924,81.9
首利,1471,81.8
欣大健康,4198,81.8
雲豹能源,6869,81.8
達麗,6177,81.7
美隆電,2477,81.6
耕興,6146,81.6
三竹,8284,81.6
美時,1795,81.5
台揚,2314,81.5
佳醫,4104,81.5
旭富,4119,81.5
大眾控,3701,81.4
精誠,6214,81.4
高力,8996,81.4
波若威,3163,81.3
聯合,4129,81.3
松崗,6240,81.3
統一實,9907,81.3
億光,2393,81.2
進階,3118,81.2
唐鋒,4609,81.2
益得,6461,81.2
綠意,2596,81.1
凱鈺,5468,81.1
永鴻生技,6936,81.1
日月光投控,3711,81
廣越,4438,81
興能高,6558,81
德勝,8048,81
精材,3374,80.9
偉聯,9912,80.9
青雲,5386,80.8
永信,3705,80.7
綠界科技*,6763,80.6
虹光,2380,80.5
智捷,8176,80.5
佳格,1227,80.4
豐達科,3004,80.4
精聯,3652,80.3
合機,1618,80.2
全友,2305,80.2
華榮,1608,80
聯穎,3550,80
盛弘,8403,80
宇峻,3546,79.8
欣陸,3703,79.8
誠泰科技,4767,79.8
映泰,2399,79.7
漢平,2488,79.7
進能服,6692,79.7
鴻呈,6913,79.5
中鴻,2014,79.4
洋華,3622,79.4
數字,5287,79.4
東元,1504,79.3
正隆,1904,79.3
中天,4128,79.3
宜鼎,5289,79.3
橘子,6180,79.3
全宇昕,6651,79.3
環泥,1104,79.2
上銀,2049,79.2
志信,2611,79.2
欣普羅,6560,79.2
博磊,3581,79.1
富旺,6219,79.1
攸泰科技,6928,79.1
聚賢研發-創,7631,79.1
皇龍,3512,79
興富發,2542,78.8
華安,6657,78.8
邑錡,7402,78.7
瀚宇博,5469,78.6
廣運,6125,78.6
群創,3481,78.5
日勝化,1735,78.4
京晨科,6419,78.4
潤隆,1808,78.3
台翰,1336,78.2
中砂,1560,78.2
凱美,2375,78.2
岱稜,3303,78.2
立端,6245,78.2
中石化,1314,78.1
欣銓,3264,78.1
健亞,4130,78.1
中保科,9917,78.1
寶徠,1805,78
聚和,6509,78
榮群,8034,78
譁裕,3419,77.9
銘旺實,4432,77.9
富采,3714,77.8
龍邦,2514,77.7
宇環,3276,77.7
易發,6425,77.7
國精化,4722,77.5
聚鼎,6224,77.4
達爾膚,6523,77.4
緯穎,6669,77.4
弘帆,8433,77.4
全坤建,2509,77.3
連展投控,3710,77.3
日友,8341,77.3
中化控股,3716,77.2
銳澤,7703,77.2
生達,1720,77.1
尚立,3360,77.1
鼎基,6585,77.1
隆銘綠能,3018,77
科際精密,4568,77
凱衛,5201,77
葡萄王,1707,76.9
威致,2028,76.8
萬泰科,6190,76.8
曜亞,4138,76.7
中磊,5388,76.7
光隆,8916,76.7
同欣電,6271,76.5
醫影,6637,76.5
蜜望實,8043,76.5
南電,8046,76.4
東哥遊艇,8478,76.4
聲寶,1604,76.3
宏盛,2534,76.3
上品,4770,76.3
承業醫,4164,76.2
德淵,4720,76.2
德記,5902,76.2
彩晶,6116,76.2
明基材,8215,76.2
成霖,9934,76.2
三商電,2427,76.1
建舜電,3322,76.1
建新國際,8367,76.1
茂矽,2342,76
佰鴻,3031,76
黑松,1234,75.9
宜進,1457,75.9
聯亞,3081,75.7
歐買尬,3687,75.7
晶達,4995,75.7
飛捷,6206,75.6
凌巨,8105,75.6
陸海,5603,75.5
日揚,6208,75.5
天瀚,6225,75.5
天虹,6937,75.5
日電貿,3090,75.3
富邦媒,8454,75.3
久昌,6720,75.2
好德,3114,75.1
帝寶,6605,75.1
八方雲集,2753,75
鈺緯,4153,75
安鈦克,6276,74.9
太空梭,2440,74.8
根基,2546,74.8
伍豐,8076,74.8
全新,2455,74.7
合一,4743,74.7
穩得,6761,74.6
茂訊,3213,74.4
正瀚-創,6534,74.4
復盛應用,6670,74.4
永豐實,6790,74.4
達邁,3645,74.3
協易機,4533,74.3
其陽,3564,74.2
尼得科超眾,6230,74.2
富爾特,6136,74.1
榮成,1909,74
單井,3490,74
朋程,8255,74
常珵,8097,73.9
寶成,9904,73.9
龍巖,5530,73.8
信音,6126,73.8
上洋,6728,73.8
匯鑽科,8431,73.8
永記,1726,73.7
匯僑,2904,73.7
禾伸堂,3026,73.7
融程電,3416,73.7
醣聯,4168,73.7
泰銘,9927,73.5
大恭,4706,73.4
綠茵,6846,73.4
聯華,1229,73.3
久裕,4173,73.3
德麥,1264,73.2
遠百,2903,73.2
明達醫,6527,73.2
系統電,5309,73.1
森田,8410,73.1
全家,5903,73
東泥,1110,72.9
味全,1201,72.9
川湖,2059,72.9
大洋,1321,72.8
易通展,6241,72.8
康霈*,6919,72.7
昇陽半導體,8028,72.7
正淩,8147,72.6
惠普,8424,72.6
彬台,3379,72.5
盈正,3628,72.4
台特化,4772,72.4
同致,3552,72.3
方方土昶,6265,72.3
霈方,6574,72.3
麗清,3346,72.1
漢科,3402,72.1
新鉅科,3630,72.1
研勤,3632,72.1
寶島科,5312,72.1
昇達科,3491,72
健策,3653,72
南港,2101,71.9
龍德造船,6753,71.9
力新,5202,71.8
大量,3167,71.7
御嵿,3522,71.7
今展科,6432,71.7
高端疫苗,6547,71.7
金像電,2368,71.6
中連,5604,71.6
捷波,6161,71.6
光鼎,6226,71.6
定穎投控,3715,71.5
合正,5381,71.5
程泰,1583,71.4
訊聯,1784,71.4
光洋科,1785,71.4
大同,2371,71.4
康聯訊,3672,71.4
華懋,5292,71.4
臺龍,6246,71.4
來思達,8066,71.4
無敵,8201,71.4
星宇航空,2646,71.3
元創精密,3685,71.3
翔名,8091,71.3
高林股,1531,71.2
大世科,8099,71.2
合世,1781,71
光罩,2338,71
中美實,4702,71
鑫科,3663,70.9
華興,6164,70.9
青新-創,6951,70.9
陽程,3498,70.8
達航科技,4577,70.7
雙美,4728,70.7
LINEPAY,7722,70.7
光聖,6442,70.6
昱展新藥,6785,70.6
富世達,6805,70.6
欣欣,2901,70.5
鑫創電子,6680,70.5
西勝,3625,70.4
富威電力,6994,70.4
伸興,1558,70.3
永豐餘,1907,70.3
聯光通,4903,70.3
大城地產,6171,70.3
鋐寶科技,6674,70.3
裕山,7715,70.3
連宇,2482,70.2
松瑞藥,4167,70.1
沛爾生醫-創,6949,70.1
保銳,8093,70.1
台亞,2340,70
奇鈦科,3430,70
德晉,3466,70
櫻花,9911,70
富喬,1815,69.9
康普,4739,69.9
天鉞電,5251,69.9
立敦,6175,69.9
年興,1451,69.8
今皓,3011,69.8
雷笛克光學,5230,69.7
東捷資訊,6697,69.7
正新,2105,69.6
京元電子,2449,69.6
智聯服務,6751,69.6
廣隆,1537,69.5
上奇,6123,69.5
鏵友益,6877,69.5
華研,8446,69.5
三晃,1721,69.4
美亞,2020,69.4
云辰,2390,69.4
新至陞,3679,69.4
十銓,4967,69.4
永光,1711,69.3
元禎,1725,69.2
欣興,3037,69.2
泰偉,3064,69.2
雃博,4106,69.2
驊宏資,6148,69.2
華紙,1905,69.1
倫飛,2364,69.1
彩富,5489,69.1
大展證,6020,69.1
精金,3049,69
環泰,4207,69
國眾,5410,69
鎰勝,6115,69
數泓科,6855,69
明安,8938,69
新保,9925,69
川飛,1516,68.9
大山,1615,68.9
互盛電,2433,68.9
嘉里大榮,2608,68.9
碩禾,3691,68.9
力成,6239,68.9
興農,1712,68.8
超豐,2441,68.8
三星,5007,68.8
潤泰材,8463,68.8
和桐,1714,68.7
凱撒衛,1817,68.7
艾姆勒,2241,68.7
捷迅,2643,68.7
夆典,3052,68.7
台星科,3265,68.7
全國電,6281,68.7
達亞,6762,68.7
全訊,5222,68.6
華宏,8240,68.6
科妍,1786,68.5
強生製藥,4747,68.5
金耘國際,4950,68.5
可寧衛,8422,68.5
三顧,3224,68.4
淳紳,4529,68.4
晶呈科技,4768,68.4
久威,6114,68.4
胡連,6279,68.4
友通,2397,68.3
臺慶科,3357,68.3
科嶠,4542,68.3
安倉,5548,68.3
宏全,9939,68.3
矽格,6257,68.2
星雲,8047,68.2
精剛,1584,68.1
磐儀,3594,68.1
杏國,4192,68.1
永純,4711,68.1
萬年清,6624,68.1
欣新網,2949,68
亞元,6109,68
大宇資,6111,68
寬宏藝術,6596,68
威健生技,6661,68
台通,8011,68
精元,2387,67.9
中湛,6236,67.9
維田,6570,67.8
全域,3067,67.7
永彰,4523,67.7
湯石照明,4972,67.7
松和,5016,67.7
創泓科技,7714,67.7
中華食,4205,67.6
台境*,8476,67.6
立益物流,1443,67.5
泰豐,2102,67.5
友威科,3580,67.5
隆中,6542,67.5
集雅社,2937,67.4
岳豐,6220,67.4
慧友,5484,67.3
國巨,2327,67.2
長佳,4550,67.2
強新,5013,67.2
震旦行,2373,67.1
和康生,1783,67
精湛,2070,67
世禾,3551,67
竹陞科技,6739,67
博大,8109,67
燿華,2367,66.9
長科*,6548,66.9
精華,1565,66.8
美吾華,1731,66.8
意德士科技,7556,66.8
華盈,3520,66.7
信昌電,6173,66.7
科定,6655,66.7
鈦昇,8027,66.7
欣雄,8908,66.7
大成,1210,66.6
亞航,2630,66.6
大綜,3147,66.6
玉晶光,3406,66.6
寶碩,5210,66.6
尖點,8021,66.6
創業家,8477,66.6
三洋實業,1472,66.5
博智,8155,66.5
昱捷,3232,66.3
榮田,7709,66.3
金居,8358,66.3
新纖,1409,66.2
易威,1799,66.2
光群雷,2461,66.1
網龍,3083,66.1
事欣科,4916,66.1
萬旭,6134,66.1
台火,9902,66.1
太子,2511,66
海德威,3268,66
合晶,6182,66
欣巴巴,9906,66
東訊,2321,65.9
國碳科,4754,65.9
力士,4923,65.9
詮欣,6205,65.9
第一銅,2009,65.8
慕康生醫,5398,65.8
欣技,6160,65.8
邦睿生技-創,6955,65.8
燁興,2007,65.7
新光鋼,2031,65.7
力銘,3593,65.7
鑫聯大投控,3709,65.7
台林,5353,65.7
寬魚國際,6101,65.7
富裔,6264,65.7
惠特,6706,65.7
新漢,8234,65.7
興勤,2428,65.6
微端,3285,65.6
永日,4102,65.6
伊雲谷,6689,65.6
騰雲,6870,65.6
宏捷科,8086,65.6
台榮,1220,65.5
天方能源,3073,65.5
泓格,3577,65.5
中台,6923,65.5
春源,2010,65.4
國碩,2406,65.4
上詮,3363,65.4
世紀*,5314,65.2
金橋,6133,65.2
世紀鋼,9958,65.2
信大,1109,65.1
中華化,1727,65.1
優盛,4121,65.1
浪凡,6165,65.1
佳邦,6284,65.1
時報,8923,65.1
華新科,2492,65
加百裕,3323,65
雷科,6207,65
茂生農經,1240,64.9
有益,9962,64.9
東陽,1319,64.8
中化生,1762,64.8
敬鵬,2355,64.8
廣寰科,3287,64.8
鼎翰,3611,64.8
業旺,1475,64.7
濱川,1569,64.7
台玻,1802,64.7
時碩工業,4566,64.7
宏齊,6168,64.7
大毅,2478,64.6
怡利電,2497,64.6
及成,3095,64.6
璟德,3152,64.6
望隼,4771,64.6
友輝,4933,64.6
勤美,1532,64.5
寶齡富錦,1760,64.5
鉅祥,2476,64.5
英濟,3294,64.5
川寶,1595,64.4
福永生技,4183,64.4
宇智,6470,64.4
億泰,1616,64.3
燦坤,2430,64.3
華經,2468,64.3
禾聯碩,5283,64.3
光焱科技,7728,64.3
全國,9937,64.3
中釉,1809,64.2
創見,2451,64.2
幸康,3332,64.2
州巧,3543,64.2
正能量智能,5348,64.2
高技,5439,64.2
金萬林-創,6645,64.2
樂斯科,6662,64.2
沈氏,8921,64.2
雋揚,1439,64.1
晉倫,6151,64.1
詠業,6792,64.1
錸寶,8104,64.1
位速,3508,64
三一東林,3609,64
拓凱,4536,64
誠美材,4960,64
瑞祺電通,6416,64
柏文,8462,64
大成鋼,2027,63.9
精確,3162,63.9
光環,3234,63.9
中揚光,6668,63.9
亞崴,1530,63.8
喬山,1736,63.8
允強,2034,63.8
磐亞,4707,63.6
瀧澤科,6609,63.6
鴻碩,3092,63.5
曜越,3540,63.5
景碩,3189,63.4
台端,3432,63.4
夠麻吉,8472,63.4
誠品生活,2926,63.2
千附精密,6829,63.2
東碩,3272,63.1
美琪瑪,4721,63.1
亨泰光,6747,63.1
巨虹,8084,63.1
聯華食,1231,63
神腦,2450,63
國賓,2704,63
燦星網,4930,63
亞泰金屬,6727,63
南緯,1467,62.9
太普高,3284,62.9
商之器,8409,62.9
建榮,5340,62.8
台半,5425,62.8
立碁,8111,62.8
憶聲,3024,62.7
聯鈞,3450,62.7
宇隆,2233,62.6
寒舍,2739,62.6
中福,1435,62.5
可成,2474,62.5
浩泰,4131,62.5
有成精密,4949,62.5
展宇,1776,62.4
華泰,2329,62.4
全家餐飲,7708,62.4
恒耀國際,8349,62.4
哲固,3434,62.3
鉅陞,5529,62.3
全達,8068,62.3
宏致,3605,62.2
晟田,4541,62
天剛,5310,62
大國鋼,8415,62
千附,8383,61.9
幃翔,6185,61.8
威力暘-創,6988,61.8
銘異,3060,61.7
新華,5481,61.7
森鉅,8942,61.7
中視,9928,61.7
福壽,1219,61.6
宏洲,1413,61.6
軒郁,6703,61.6
聯策,6658,61.5
台聯電,4905,61.4
振曜,6143,61.4
江申,1525,61.3
西柏,3541,61.3
德微,3675,61.3
橙的,4554,61.3
華凌,6916,61.3
巨大,9921,61.3
白紗科,8401,61.2
中纖,1718,61.1
宏碩系統,6895,61.1
強茂,2481,61
協禧,3071,61
興采,4433,61
中櫃,2613,60.9
聯發國際,2756,60.9
安可,3615,60.9
玖鼎電力,4588,60.9
桂盟,5306,60.9
沛波,6248,60.9
大華,9905,60.9
彰源,2030,60.8
順德,2351,60.8
聯合再生,3576,60.8
銘鈺,4545,60.8
昱泉,6169,60.8
向榮生技-創,6794,60.8
生展,8279,60.8
揚秦,2755,60.7
懷特,4108,60.7
大豐電,6184,60.7
福懋科,8131,60.7
聚隆,1466,60.6
寶一,8222,60.6
健和興,3003,60.5
全譜,6228,60.5
綠電,8440,60.5
海光,2038,60.4
東台,4526,60.4
辣椒,4946,60.4
聯茂,6213,60.4
愛之味,1217,60.3
安心,1259,60.3
厚生,2107,60.3
聯德,3308,60.3
世坤,4305,60.3
撼訊,6150,60.2
佳穎,3310,60.1
鑫禾,4999,60.1
虹堡,5258,60.1
亞弘電,6201,60.1
啟發電,6512,60
山富,2743,59.9
統領,2910,59.9
鴻名,3021,59.9
豪展,4735,59.9
南良,5450,59.9
台微醫,6767,59.9
豐謙,5523,59.7
大武山,6952,59.7
廣積,8050,59.7
漢田生技,1294,59.6
新紡,1419,59.6
大將,1453,59.6
一詮,2486,59.6
雲嘉南,3191,59.6
勝德,3296,59.6
育富,6194,59.6
瑞耘,6532,59.6
富強鑫,6603,59.6
雄獅,2731,59.5
鴻翊,3521,59.5
國光生,4142,59.5
阜爾運通,6914,59.5
耿鼎,1524,59.4
東隆興,4401,59.4
雙邦,6506,59.4
聯寶,6821,59.4
亞諾法,4133,59.3
振樺電,8114,59.3
味王,1203,59.2
業強,6124,59.2
同協,5460,59.1
茂迪,6244,59.1
泰霖,8080,59.1
揚明光,3504,59
君帆,4584,59
晶華,2707,58.9
金洲,4417,58.9
雙鍵,4764,58.9
建錩,5014,58.9
合邦,6103,58.9
怡華,1456,58.8
喬福,1540,58.8
冠軍,1806,58.8
世豐,2065,58.8
宣德,5457,58.8
艾華,6204,58.8
能率網通,8071,58.8
建大,2106,58.7
濟生,4111,58.6
台灣銘板,6593,58.6
泰山,1218,58.5
堤維西,1522,58.5
雲品,2748,58.5
宜新實業,4440,58.5
金穎生技,1796,58.4
王品,2727,58.4
光頡,3624,58.4
台灣精銳,4583,58.4
泰詠,6266,58.4
長佳智能,6841,58.4
達新,1315,58.3
聯一光電,3441,58.3
大立,4716,58.3
鳳凰,5706,58.3
中探針,6217,58.3
慧智,6615,58.3
金山電,8042,58.3
智晶,5245,58.2
晶采,8049,58.2
中環,2323,58.1
典範,3372,58.1
恩德,1528,58
新復興,4909,58
建達,6118,58
鑫傳,6856,58
達運光電,8045,58
昶昕,8438,58
台灣精材,3467,57.9
建德工業,6606,57.9
八貫,1342,57.8
元翎,4564,57.8
駐龍,4572,57.8
嘉彰,4942,57.8
榮星,1617,57.7
銘旺科,2429,57.7
鈺德,3050,57.7
新日興,3376,57.7
健椿,4561,57.7
網家,8044,57.7
和大,1536,57.6
士紙,1903,57.6
聯嘉,6288,57.6
希華,2484,57.5
五福,2745,57.5
倉和,6538,57.5
宏益,1452,57.4
和勤,1586,57.4
鄉林,5531,57.4
寶雅,5904,57.4
三地開發,1438,57.3
鼎元,2426,57.3
信邦,3023,57.3
瑞基,4171,57.3
平和環保-創,6771,57.3
劍麟,2228,57.2
泰藝,8289,57.2
雄順,2073,57.1
前鼎,4908,57.1
信實,6721,57.1
澤米,6742,57.1
千興,2025,57
熱映,3373,57
艾笛森,3591,57
九豪,6127,57
汎瑋材料,6967,57
樂意,7584,57
春雨,2012,56.9
建通,2460,56.9
迎廣,6117,56.9
上亞科技,6130,56.9
集盛,1455,56.8
鑽全,1527,56.8
巧新,1563,56.8
聚亨,2022,56.7
為升,2231,56.7
台驊控股,2636,56.7
勝品,6556,56.7
漢來美食,1268,56.6
統新,6426,56.6
大井泵浦,6982,56.6
泰博,4736,56.5
台名,5878,56.5
台數科,6464,56.5
精星,8183,56.5
美利達,9914,56.5
先益,3531,56.4
神準,3558,56.4
福裕,4513,56.4
久陽,5011,56.4
諾貝兒,6844,56.4
新天地,8940,56.3
昇銳,3128,56.2
炎洲流通,3171,56.2
耀勝,3207,56.2
榮創,3437,56.2
嘉聯益,6153,56.2
杏輝,1734,56.1
華東,8110,56.1
豆府,2752,56
高林,2906,55.9
台興,3426,55.9
聿新科,4161,55.9
詠昇,6418,55.9
南紡,1440,55.8
台南,1473,55.8
申豐,6582,55.8
國統,8936,55.8
力特,3051,55.7
高鋒,4510,55.7
進典,6843,55.7
新零售,3085,55.6
詩肯,6195,55.6
保瑞,6472,55.6
佳和,1449,55.5
宅配通,2642,55.5
達能,3686,55.5
上緯投控,3708,55.5
鑫永銓,2114,55.4
華廣,4737,55.4
凱崴,5498,55.4
天仁,1233,55.3
力鵬,1447,55.3
景岳,3164,55.3
兆利,3548,55.3
榮昌,3684,55.3
桓達,4549,55.3
美而快,5321,55.3
皇田,9951,55.3
大宇,1445,55.2
吉祥全,2491,55.2
東浦,3290,55.2
杏一,4175,55.2
雷虎,8033,55.2
商丞,8277,55.2
同泰,3321,55.1
桂田文創,4806,55.1
德英,4911,55.1
南光,1752,55
運錩,2069,55
律勝,3354,55
地心引力,3629,55
立軒,6222,55
錸德,2349,54.9
科風,3043,54.9
上福,6128,54.9
台郡,6269,54.9
華豐,2109,54.8
松普,5488,54.8
大東,1441,54.7
大統新創,1470,54.7
訊達電腦,6140,54.7
台生材,6649,54.7
鉅橡,8074,54.7
台蠟,1742,54.6
光鋐,4956,54.6
振發,5426,54.6
伯特光,6859,54.6
東華,1418,54.5
迎輝,3523,54.5
新巨,2420,54.4
郡都開發,4402,54.4
台表科,6278,54.4
三洋電,1614,54.3
昶和,1468,54.2
全台,3038,54.2
大億,1521,54.1
皇昌,2543,54.1
邦特,4107,54.1
炎洲,4306,54.1
上曜,1316,54
倉佑,1568,54
富晶通,3623,54
新門,5432,54
致和證,5864,54
弘裕,1474,53.9
菱生,2369,53.9
進泰電子,3465,53.9
裕國,8905,53.9
佳大,2033,53.8
晟楠,3631,53.8
寶得利,5301,53.8
洛碁,8077,53.8
好樂迪,9943,53.8
直得,1597,53.7
華義,3086,53.7
先進光,3362,53.7
長園科,8038,53.7
健信,4502,53.6
旭源,8421,53.6
宏和,1446,53.5
正達,3149,53.5
利華,1423,53.4
麗正,2302,53.4
晟鈦,3229,53.4
慶生,6210,53.4
永捷,4714,53.3
天正國際,6654,53.3
太醫,4126,53.2
江興鍛,4528,53.2
立衛,5344,53.2
中電,1611,53.1
光耀,3666,53.1
富致,6642,53.1
毅嘉,2402,53
鐿鈦,4163,53
廣穎電通,4973,53
永裕,1323,52.9
南染,1410,52.9
世德,2066,52.9
信立,4303,52.9
阿瘦,8443,52.9
寶利徠,1813,52.8
志聯,2024,52.8
燦星旅,2719,52.8
農林,2913,52.8
佰研,3205,52.8
亞都麗緻,5703,52.8
秋雨,9929,52.8
山隆,2616,52.7
佳凌,4976,52.7
華祺,5015,52.7
得力,1464,52.6
新鋼,2032,52.6
昇貿,3305,52.6
和成,1810,52.5
富榮綱,3115,52.5
得利影,6144,52.5
六角,2732,52.4
穎漢,4562,52.4
幸福,1108,52.3
王座,2751,52.3
杭特,3297,52.3
久正,6167,52.3
五鼎,1733,52.2
泓瀚,4741,52.2
邦泰,8935,52.2
強盛新,1463,52.1
華電,1603,52.1
逸昌,3567,52.1
慶豐富,9935,52.1
立德,3058,52
中茂,5205,52
福興,9924,51.9
百和,9938,51.8
六福,2705,51.7
友勁,6142,51.7
山林水,8473,51.7
新麗,9944,51.6
天品,6199,51.5
東典光電,6588,51.5
佳龍,9955,51.5
車王電,1533,51.4
世鎧,2063,51.4
公準,3178,51.4
千如,3236,51.4
達邦蛋白,6578,51.4
麗嬰房,2911,51.3
訊映,4155,51.3
益張,8342,51.3
宏佳騰,1599,51.2
大車隊,2640,51.2
旭軟,3390,51.2
弘煜科,6482,51.2
南六,6504,51.2
加高,8182,51.2
慶騰,4534,51.1
旭然,4556,51.1
大樹,6469,51.1
成信實業*-創,6969,51.1
長聖,6712,51
伯鑫,6904,51
晉椿,2064,50.9
飛寶企業,4413,50.9
立康,6242,50.9
昭輝,1339,50.8
楠梓電,2316,50.8
泰谷,3339,50.8
佑全,6929,50.8
卜蜂,1215,50.7
高興昌,2008,50.7
新建,2516,50.7
台嘉碩,3221,50.7
界霖,5285,50.7
樂事綠能,1529,50.6
天蔥,2740,50.5
雙喜,5516,50.5
安集,6477,50.5
冠好,8354,50.5
鉅明,8928,50.5
金雨,4503,50.4
邑昇,5291,50.4
台富,1454,50.3
閎暉,3311,50.3
點晶,3288,50.2
新盛力,4931,50.2
橋椿,2062,50.1
天宇,8171,50.1
易飛網,2734,50
高僑,6234,50
濾能,6823,50
富堡,8929,50
大甲,2221,49.9
天良,4127,49.9
全球傳動,4540,49.9
寶緯,4558,49.9
力麗店,5364,49.9
競國,6108,49.9
易華電,6552,49.9
三貝德,8489,49.9
北基,8927,49.9
統懋,2434,49.8
萬企,2701,49.8
鈞寶,6155,49.8
惠光,6508,49.8
斐成,3313,49.7
萬達寵物,6968,49.7
官田鋼,2017,49.6
旭品,3325,49.6
科誠,4987,49.6
創為精密,6899,49.6
琉園,9949,49.6
大魯閣,1432,49.5
康那香,9919,49.5
李洲,3066,49.4
錦明,3230,49.4
德宏,5475,49.4
奈米醫材,6612,49.4
宏遠,1460,49.2
正道,1506,49.2
映興,3597,49.2
安碁,6174,49.2
偉全,1465,49.1
華星光,4979,49.1
元晶,6443,49.1
創威,6530,49.1
大億金茂,8107,49.1
泰茂,2230,49
福懋,1434,48.9
協益,5356,48.9
老爺知,5704,48.9
維熹,3501,48.8
東研信超,6840,48.8
南俊國際,6584,48.7
天二科技,6834,48.7
嘉裕,1417,48.6
勤益控,1437,48.5
岱宇,1598,48.5
利勤,4426,48.5
柏承,6141,48.5
巨鎧精密-創,2254,48.4
加捷生醫,4109,48.4
陞泰,8072,48.4
翔耀,2438,48.1
亞洲藏壽司,2754,48.1
滿心,2916,48
韋僑,6417,48
力肯,1570,47.9
嘉鋼,2067,47.9
智基,6294,47.9
智通*,8932,47.8
建暐,8092,47.7
元山,6275,47.4
保勝光學,6517,47.4
宏亞,1236,47.3
皇將,4744,47.3
力麗,1444,47.2
瑞利,1512,47.2
光明,4420,47.2
至興,4535,47.1
環天科,3499,47
毛寶,1732,46.9
兆勁,2444,46.9
勤凱科技,4760,46.9
三商餐飲,7705,46.9
虎山,7736,46.9
東和,1414,46.8
大詠城,4538,46.6
旭暉應材,6698,46.6
微矽電子-創,8162,46.6
祺驊,1593,46.5
志旭,8067,46.5
新昕纖,4406,46.4
熒茂,4729,46.4
今國光,6209,46.4
潤泰新,9945,46.3
風青,2061,46.2
第一店,2706,46.2
健鼎,3044,46.2
皇家美食,4419,46.2
茂順,9942,46.2
日馳,1526,46
氣立,4555,45.9
工信,5521,45.9
悅城,6405,45.9
鈺鎧,5228,45.8
順發,6154,45.8
青松健康,6931,45.8
恆大,1325,45.7
潤泰全,2915,45.7
佳總,5355,45.5
謚源,2235,45.4
霹靂,8450,45.4
地球,1324,45.3
誠研,3494,45.3
吉茂,1587,45
百容,2483,45
萬在,4543,45
品安,8088,45
邁達康,9960,44.9
環科,2413,44.8
萬達光電,5220,44.7
巨庭,1539,44.5
亞帝歐,3516,44.5
尚茂,8291,44.5
米斯特,2941,44.4
海灣,3252,44.4
遠雄來,2712,44.2
光聯,5315,44.1
合騏,8937,44
萬國通,9950,44
華園,2702,43.7
耀億,4430,43.7
宏易,4530,43.7
新晶投控,3713,43.4
龍鋒,3226,43.3
力山,1515,43.1
振宇五金,2947,43.1
兆赫,2485,42.9
錩泰,1541,42.8
勝昱,4304,42.8
廣錠,6441,42.6
花王,8906,42.5
霖宏,5464,42.2
夏都,2722,41.7
三商家購,2945,41.4
福華,8085,41.2
明係,6804,41
利奇,1517,40.9
聯發,1459,40.4
劍湖山,5701,40.1
正峰,1538,40
富野,2736,40
南仁湖,5905,40
大飲,1213,39.8
愛地雅,8933,39.6
興泰,1235,38.6
谷崧,3607,38.3
冠西電,2466,37.1
